nombre_del_municipio,concentraci_n
CALI,17.667102870386262
JAMUNDÍ,25.459173645125112
PALMIRA,20.122282608695645
YUMBO,25.824839977940158
