nombre_del_municipio,concentraci_n
BUCARAMANGA,12.10016890924702
FLORIDABLANCA,11.410604118993131
GIRON,13.83654767087506
