nombre_del_municipio,concentraci_n
BARRANQUILLA,12.561727543002764
MALAMBO,18.27887614991294
SOLEDAD,18.83935438565125
