nombre_del_municipio,Agno,concentraci_n
PASTO,2013,6.606190476190477
PASTO,2014,8.580810810810812
PASTO,2015,8.62858695652174
