nombre_del_municipio,Agno,concentraci_n
NEIVA,2011,8.062702702702705
NEIVA,2012,12.060896551724138
NEIVA,2013,21.453500000000002
